corpus,condition,model,severity,n_phish,recall_05,recall_05_lo,recall_05_hi,recall_fpr,recall_fpr_lo,recall_fpr_hi,pr_auc,pr_auc_lo,pr_auc_hi,roc_auc,roc_auc_lo,roc_auc_hi,fpr_threshold
ceas08,original,logreg,0.0,61,1.0,1.0,1.0,1.0,1.0,1.0,0.9976355723703718,0.9926613702058121,1.0,0.9999573827314827,0.9998678365441562,1.0,0.3468420661821628
ceas08,original,random_forest,0.0,61,1.0,1.0,1.0,1.0,1.0,1.0,0.9975863665189204,0.9920633172322556,1.0,0.9999621179835403,0.9998815121929051,1.0,0.41333333333333333
ceas08,original,gradient_boosting,0.0,61,1.0,1.0,1.0,1.0,1.0,1.0,0.9600400807886105,0.9163032168954082,0.9908079082449989,0.9992802416872649,0.9985362965864473,0.999809636441365,0.6429716672071553
ceas08,original,logreg,0.25,61,1.0,1.0,1.0,1.0,1.0,1.0,0.9944941332784984,0.985755221760035,0.9996374544852699,0.999900559706793,0.9997470165674363,0.999994355254954,0.3468420661821628
ceas08,original,random_forest,0.25,61,0.9836065573770492,0.9473508771929824,1.0,1.0,1.0,1.0,0.9721120424301449,0.9408452731802833,0.9950748183071658,0.9995383129243969,0.9990703126873157,0.9999063699820752,0.41333333333333333
ceas08,original,gradient_boosting,0.25,61,1.0,1.0,1.0,0.9836065573770492,0.9473508771929824,1.0,0.946816273509998,0.8968854596416387,0.9836731428287397,0.9989203625308974,0.9979337123232571,0.9996530331582076,0.6429716672071553
ceas08,original,logreg,0.5,61,0.9508196721311475,0.8903729071537291,1.0,1.0,1.0,1.0,0.923279038772969,0.8587220929705609,0.9719082426601788,0.9987688344650585,0.9977882903213952,0.9994838427832695,0.3468420661821628
ceas08,original,random_forest,0.5,61,0.7049180327868853,0.5882119514472456,0.8088615618661258,0.8852459016393442,0.8,0.9622816212438854,0.6967854438248156,0.576292490345689,0.8306375812200982,0.9951084846246365,0.9926848924911537,0.9971807893173752,0.41333333333333333
ceas08,original,gradient_boosting,0.5,61,0.8524590163934426,0.7550924143242203,0.9344526705446854,0.7377049180327869,0.6249487704918033,0.8444600938967136,0.6975144150522712,0.5699866879602382,0.8122669967096704,0.990306939038365,0.9855999556615828,0.9941796143199337,0.6429716672071553
ceas08,original,logreg,0.75,61,0.7377049180327869,0.6211990595611285,0.84375,0.9180327868852459,0.8437088815789474,0.9807692307692307,0.7232846372242083,0.6012412728815407,0.853404780612857,0.994829104753246,0.9916750752292962,0.9973575479009958,0.3468420661821628
ceas08,original,random_forest,0.75,61,0.2786885245901639,0.16393442622950818,0.3906954405737704,0.6065573770491803,0.4782091097308489,0.7323943661971831,0.4433565183035152,0.3547261508317635,0.5659388815366149,0.9886898504607401,0.9849831104273639,0.99199122618507,0.41333333333333333
ceas08,original,gradient_boosting,0.75,61,0.639344262295082,0.5106174384647476,0.7556182795698924,0.3770491803278688,0.24561403508771928,0.5,0.35934210521378723,0.2634846895317737,0.4828343577233194,0.9779810779327783,0.9698513189897492,0.9846508880818156,0.6429716672071553
ceas08,original,logreg,1.0,61,0.7704918032786885,0.6595234625473623,0.875,0.9344262295081968,0.8656207598371778,0.9857142857142858,0.6979757596007514,0.581862278278229,0.8454358537185523,0.9957430084003371,0.993587508836177,0.9976385161827924,0.3468420661821628
ceas08,original,random_forest,1.0,61,0.4426229508196721,0.32651952085181896,0.5645161290322581,0.7868852459016393,0.6792452830188679,0.8870967741935484,0.5321592520574958,0.43568010850909394,0.6647225925704415,0.992385714691593,0.9896689321405988,0.9949135349858443,0.41333333333333333
ceas08,original,gradient_boosting,1.0,61,0.7377049180327869,0.6249547101449275,0.8393035714285715,0.5573770491803278,0.4422256097560976,0.6793096054888507,0.4507229821395016,0.35330209105507576,0.5847265230607449,0.985765832315254,0.9808941209887457,0.9900168778095786,0.6429716672071553
ceas08,url_masked,logreg,0.0,61,1.0,1.0,1.0,1.0,1.0,1.0,0.9923718520335155,0.9796926090942434,1.0,0.9998721481944484,0.9996531660553777,1.0,0.3937968020912181
ceas08,url_masked,random_forest,0.0,61,1.0,1.0,1.0,1.0,1.0,1.0,0.9978063490298337,0.9917075491512105,1.0,0.9999644856095691,0.9998656278360868,1.0,0.4412999999999996
ceas08,url_masked,gradient_boosting,0.0,61,1.0,1.0,1.0,1.0,1.0,1.0,0.9449771755128269,0.8869986433395812,0.9841027887249568,0.9990387438323342,0.9982109079832521,0.9996580275907326,0.6462647228505864
ceas08,url_masked,logreg,0.25,61,1.0,1.0,1.0,1.0,1.0,1.0,0.987474003689883,0.9696365318860634,0.999038151667993,0.9997821784053565,0.9994882546603194,0.9999827402422246,0.3937968020912181
ceas08,url_masked,random_forest,0.25,61,0.9836065573770492,0.9473508771929824,1.0,0.9836065573770492,0.9473508771929824,1.0,0.9668100959010899,0.9301756627065327,0.9935517279449717,0.9992849769393226,0.9984020115837335,0.9998860714817503,0.4412999999999996
ceas08,url_masked,gradient_boosting,0.25,61,0.9672131147540983,0.9183533687447583,1.0,0.9344262295081968,0.8666417910447761,0.9848541383989146,0.8880845865561197,0.814415273584405,0.95062506891195,0.9973861408642782,0.9956272910883835,0.9988453983170078,0.6462647228505864
ceas08,url_masked,logreg,0.5,61,0.8688524590163934,0.7741783323189287,0.9473911070780399,0.9344262295081968,0.864406779661017,0.9861111111111112,0.8587170503254086,0.7693625757484082,0.9360882019617114,0.9974666401492551,0.9958585183483041,0.9987046020738716,0.3937968020912181
ceas08,url_masked,random_forest,0.5,61,0.639344262295082,0.5146431133428981,0.7580645161290323,0.7540983606557377,0.6440677966101694,0.8571428571428571,0.6297599979575053,0.5062450863242749,0.7665049962700268,0.9925040959930298,0.9891824360241788,0.9952484629792482,0.4412999999999996
ceas08,url_masked,gradient_boosting,0.5,61,0.8852459016393442,0.796875,0.9622641509433962,0.6885245901639344,0.5714285714285714,0.8064516129032258,0.5664953511554737,0.4408094696458869,0.6984781294514375,0.9867697057514372,0.9808988351290496,0.9918559424185064,0.6462647228505864
ceas08,url_masked,logreg,0.75,61,0.639344262295082,0.5097946725860155,0.7656333111702127,0.6885245901639344,0.5664830508474578,0.8035714285714286,0.5805113574378651,0.45592873470413486,0.7316779438178826,0.9884459849797804,0.9821688005426826,0.9933295014335232,0.3937968020912181
ceas08,url_masked,random_forest,0.75,61,0.13114754098360656,0.05354793233082709,0.22417964404894325,0.18032786885245902,0.09230769230769231,0.28339285714285706,0.32245642600524677,0.25460666298460544,0.419910112188953,0.9815964428786544,0.976417192567552,0.9863970625346283,0.4412999999999996
ceas08,url_masked,gradient_boosting,0.75,61,0.36065573770491804,0.24527339237581827,0.489408361328854,0.14754098360655737,0.06451612903225806,0.2419477028347996,0.19759539049734348,0.14745072428343797,0.27788261155855487,0.9577757574035665,0.9460545408812988,0.9678903604394714,0.6462647228505864
ceas08,url_masked,logreg,1.0,61,0.5245901639344263,0.4032258064516129,0.6538636363636363,0.7213114754098361,0.6034414340448823,0.8275862068965517,0.5292546420160049,0.42145338443435176,0.6753158397935556,0.9893930353912739,0.9845094469199228,0.9935229882680462,0.3937968020912181
ceas08,url_masked,random_forest,1.0,61,0.19672131147540983,0.09995901639344267,0.30359083850931673,0.4426229508196721,0.3332031250000001,0.5625284090909091,0.4013733279618642,0.32485017843721903,0.5208178950416988,0.9869756892159369,0.9831267792526371,0.9904478841140083,0.4412999999999996
ceas08,url_masked,gradient_boosting,1.0,61,0.639344262295082,0.5216764214046823,0.7586366538952746,0.39344262295081966,0.28065142364106993,0.5230952380952381,0.31877320325073905,0.24408926406726963,0.42828665472160776,0.9761248591262512,0.9684141889695881,0.9823613210758357,0.6462647228505864
